<ImportExportXml xmlns:xsi="http://www.w3.org/2001/XMLSchema-instance" OrganizationVersion="9.2.25052.202" OrganizationSchemaType="Standard" CRMServerServiceabilityVersion="9.2.25052.00202">
  <Entities></Entities>
  <Roles></Roles>
  <Workflows>
    <Workflow WorkflowId="{2f9d054f-bc1f-f011-9989-6045bd941c27}" Name="CnpjBiz Call API Action">
      <XamlFileName>/Workflows/CnpjBizCallAPIAction-2F9D054F-BC1F-F011-9989-6045BD941C27.xaml</XamlFileName>
      <Type>1</Type>
      <Subprocess>0</Subprocess>
      <Category>3</Category>
      <Mode>0</Mode>
      <Scope>4</Scope>
      <OnDemand>0</OnDemand>
      <TriggerOnCreate>0</TriggerOnCreate>
      <TriggerOnDelete>0</TriggerOnDelete>
      <AsyncAutodelete>0</AsyncAutodelete>
      <SyncWorkflowLogOnFailure>1</SyncWorkflowLogOnFailure>
      <StateCode>1</StateCode>
      <StatusCode>2</StatusCode>
      <CreateStage>40</CreateStage>
      <RunAs>1</RunAs>
      <SdkMessageId>{309d054f-bc1f-f011-9989-6045bd941c27}</SdkMessageId>
      <UniqueName>BizCallAPI</UniqueName>
      <IsTransacted>0</IsTransacted>
      <IntroducedVersion>1.2.1</IntroducedVersion>
      <IsCustomizable>1</IsCustomizable>
      <BusinessProcessType>0</BusinessProcessType>
      <FormId>{00000000-0000-0000-0000-000000000000}</FormId>
      <IsCustomProcessingStepAllowedForOtherPublishers>1</IsCustomProcessingStepAllowedForOtherPublishers>
      <ModernFlowType>0</ModernFlowType>
      <PrimaryEntity>none</PrimaryEntity>
      <LocalizedNames>
        <LocalizedName languagecode="1033" description="CnpjBiz Call API Action" />
      </LocalizedNames>
    </Workflow>
  </Workflows>
  <FieldSecurityProfiles></FieldSecurityProfiles>
  <Templates />
  <EntityMaps />
  <EntityRelationships />
  <OrganizationSettings />
  <optionsets />
  <CustomControls>
    <CustomControl>
      <Name>biz_CNPJBIZ.cnpjBizIntegrator</Name>
      <FileName>/Controls/biz_CNPJBIZ.cnpjBizIntegrator/ControlManifest.xml</FileName>
    </CustomControl>
  </CustomControls>
  <SolutionPluginAssemblies>
    <PluginAssembly FullName="CnpjBizAction, Version=1.0.0.0, Culture=neutral, PublicKeyToken=fa802e254a3df593" PluginAssemblyId="d1a315a1-5175-4d60-860e-5f57c11b9dec" CustomizationLevel="1">
      <IsolationMode>2</IsolationMode>
      <SourceType>0</SourceType>
      <IntroducedVersion>1.0</IntroducedVersion>
      <FileName>/PluginAssemblies/CnpjBizAction-D1A315A1-5175-4D60-860E-5F57C11B9DEC/CnpjBizAction.dll</FileName>
      <PluginTypes>
        <PluginType AssemblyQualifiedName="CnpjBizAction.CallBizCnpjApiAction, CnpjBizAction, Version=1.0.0.0, Culture=neutral, PublicKeyToken=fa802e254a3df593" PluginTypeId="8e68701e-5d2f-4f38-b677-32617c400ba7" Name="CnpjBizAction.CallBizCnpjApiAction">
          <FriendlyName>f20d2ec3-e1d2-4908-bb83-3c42816ad4d1</FriendlyName>
        </PluginType>
      </PluginTypes>
    </PluginAssembly>
  </SolutionPluginAssemblies>
  <SdkMessageProcessingSteps>
    <SdkMessageProcessingStep Name="CnpjBizAction.CallBizCnpjApiAction: biz_BizCallAPI of any Entity" SdkMessageProcessingStepId="{078aacf9-3942-f011-8779-6045bd941c27}">
      <SdkMessageId>309d054f-bc1f-f011-9989-6045bd941c27</SdkMessageId>
      <PluginTypeName>CnpjBizAction.CallBizCnpjApiAction, CnpjBizAction, Version=1.0.0.0, Culture=neutral, PublicKeyToken=fa802e254a3df593</PluginTypeName>
      <PluginTypeId>8e68701e-5d2f-4f38-b677-32617c400ba7</PluginTypeId>
      <AsyncAutoDelete>0</AsyncAutoDelete>
      <Description>CnpjBizAction.CallBizCnpjApiAction: biz_BizCallAPI of any Entity</Description>
      <FilteringAttributes></FilteringAttributes>
      <InvocationSource>0</InvocationSource>
      <Mode>0</Mode>
      <Rank>1</Rank>
      <EventHandlerTypeCode>4602</EventHandlerTypeCode>
      <Stage>40</Stage>
      <IsCustomizable>1</IsCustomizable>
      <IsHidden>0</IsHidden>
      <SupportedDeployment>0</SupportedDeployment>
      <IntroducedVersion>1.0</IntroducedVersion>
      <SdkMessageProcessingStepImages />
    </SdkMessageProcessingStep>
  </SdkMessageProcessingSteps>
  <EntityDataProviders />
  <Languages>
    <Language>1033</Language>
  </Languages>
</ImportExportXml>