{"properties":{"connectionReferences":{},"definition":{"$schema":"https://schema.management.azure.com/providers/Microsoft.Logic/schemas/2016-06-01/workflowdefinition.json#","contentVersion":"1.0.0.0","parameters":{"$authentication":{"defaultValue":{},"type":"SecureObject"}},"triggers":{"manual":{"type":"Request","kind":"Button","inputs":{"schema":{"type":"object","properties":{"text":{"title":"cnpj","type":"string","x-ms-dynamically-added":true,"description":"cnpj","x-ms-content-hint":"TEXT"},"text_1":{"title":"key","type":"string","x-ms-dynamically-added":true,"description":"key","x-ms-content-hint":"TEXT"}},"required":["text","text_1"]}}}},"actions":{"HTTP":{"runAfter":{},"type":"Http","inputs":{"method":"POST","uri":"https://cnpj.biz/api/v1/empresas/cnpj","headers":{"Content-Type":"application/json","Accept":"application/json","authorization":"Bearer @{triggerBody()['text_1']}"},"body":{"cnpj":"@triggerBody()['text']"}}},"Inicializar_variável":{"runAfter":{"HTTP":["Succeeded"]},"type":"InitializeVariable","inputs":{"variables":[{"name":"Retorno","type":"object","value":"@body('HTTP')"}]}}},"outputs":{}}},"schemaVersion":"1.0.0.0"}