{
	"properties": {
		"connectionReferences": {},
		"definition": {
			"$schema": "https://schema.management.azure.com/providers/Microsoft.Logic/schemas/2016-06-01/workflowdefinition.json#",
			"contentVersion": "1.0.0.0",
			"parameters": {
				"$authentication": {
					"defaultValue": {},
					"type": "SecureObject"
				}
			},
			"triggers": {
				"manual": {
					"type": "Request",
					"kind": "Http",
					"inputs": {
						"schema": {
							"type": "object",
							"properties": {
								"cnpj": {
									"type": "string"
								},
								"Biz_key": {
									"type": "string"
								}
							}
						},
						"method": "POST"
					}
				}
			},
			"actions": {
				"HTTP": {
					"runAfter": {},
					"type": "Http",
					"inputs": {
						"method": "POST",
						"uri": "https://cnpj.biz/api/v1/empresas/cnpj",
						"headers": {
							"Content-Type": "application/json",
							"Accept": "application/json",
							"authorization": "Bearer @{triggerBody()?['Biz_key']}"
						},
						"body": {
							"cnpj": "@triggerBody()?['cnpj']"
						}
					}
				},
				"Inicializar_variável": {
					"runAfter": {
						"HTTP": [
							"Succeeded"
						]
					},
					"type": "InitializeVariable",
					"inputs": {
						"variables": [
							{
								"name": "body",
								"type": "object",
								"value": "@body('HTTP')"
							}
						]
					}
				},
				"Resposta": {
					"runAfter": {
						"Inicializar_variável": [
							"Succeeded"
						]
					},
					"type": "Response",
					"kind": "Http",
					"inputs": {
						"statusCode": 200,
						"body": "@variables('body')"
					}
				}
			}
		}
	},
	"schemaVersion": "1.0.0.0"
}