{"properties":{"connectionReferences":{},"definition":{"$schema":"https://schema.management.azure.com/providers/Microsoft.Logic/schemas/2016-06-01/workflowdefinition.json#","contentVersion":"1.0.0.0","parameters":{"$authentication":{"defaultValue":{},"type":"SecureObject"}},"triggers":{"manual":{"type":"Request","kind":"Http","inputs":{"schema":{"type":"object","properties":{"cnpj":{"type":"string"},"Bizkey":{"type":"string"}}},"method":"POST"}}},"actions":{"HTTP":{"runAfter":{},"type":"Http","inputs":{"method":"POST","uri":"https://cnpj.biz/api/v1/empresas/cnpj","headers":{"Content-Type":"application/json","Accept":"application/json","authorization":"Bearer @{triggerBody()?['Bizkey']}"},"body":{"cnpj":"@triggerBody()?['cnpj']"}}},"Inicializar_variável":{"runAfter":{"HTTP":["Succeeded"]},"type":"InitializeVariable","inputs":{"variables":[{"name":"body","type":"object","value":"@body('HTTP')"}]}}}}},"schemaVersion":"1.0.0.0"}